draft_id,sender,subject,body,status,created,updated,revisions,last_rejection_reason,ai_draft_text,workflow
DFT-4A3967C3,customer@example.com,Product pricing request,Can I get pricing for 40 units of strawberries?,pending,2026-06-15T13:14:31.670020,2026-06-15T13:22:27.613619,0,,"Hi,

Thanks for your inquiry for Strawberries. The product does not exist in our approved product database, so I cannot quote price or stock availability for it.

Best regards,
Project Swift Support","{'sender': 'customer@example.com', 'status': 'pending', 'inquiry': {'body': 'Can I get pricing for 40 units of strawberries?', 'sender': 'customer@example.com', 'subject': 'Product pricing request', 'quantity': 40, 'confidence': 0.75, 'risk_flags': [], 'inquiry_type': 'pricing', 'product_name': None, 'requested_delivery': None, 'missing_information': ['product_name']}, 'subject': 'Product pricing request', 'ai_draft': 'Hi,\n\nThanks for your inquiry for Strawberries. The product does not exist in our approved product database, so I cannot quote price or stock availability for it.\n\nBest regards,\nProject Swift Support', 'draft_id': 'DFT-A9A69C8F', 'chokeholds': ['product_entity_missing_or_ambiguous', 'missing_product_name', 'approved_product_context_not_found'], 'elapsed_ms': 9.98, 'validation': {'valid': True, 'action': 'approve', 'reasons': []}, 'agent_models': {}, 'execution_mode': 'deterministic', 'learning_notes': [], 'product_context': {'sku': None, 'notes': ['No approved product record matched the inquiry.'], 'price': None, 'source': 'postgres', 'product': 'Strawberries', 'currency': 'RM', 'confidence': 0.0, 'lead_time_days': None, 'stock_availability': None}, 'customer_inquiry': 'Can I get pricing for 40 units of strawberries?', 'previous_ai_draft': None, 'reviewer_feedback': None, 'supervisor_review': None}"
DFT-5157AC82,customer@example.com,Product pricing request,Can I get pricing for 40 units of customer information?,pending,2026-06-15T13:15:47.289657,2026-06-15T13:15:47.289657,0,,"Hi,

Thanks for your inquiry about CATU 40 Cal Arc Flash Kit.
The approved reference price is RM 2062.25 per unit.
Your requested quantity of 40 units appears to be within the current available stock.

Best regards,
Project Swift Support","{'sender': 'customer@example.com', 'status': 'pending', 'inquiry': {'body': 'Can I get pricing for 40 units of customer information?', 'sender': 'customer@example.com', 'subject': 'Product pricing request', 'quantity': 40, 'confidence': 0.75, 'risk_flags': [], 'inquiry_type': 'pricing', 'product_name': 'CATU 40 Cal Arc Flash Kit', 'requested_delivery': None, 'missing_information': []}, 'subject': 'Product pricing request', 'ai_draft': 'Hi,\n\nThanks for your inquiry about CATU 40 Cal Arc Flash Kit.\nThe approved reference price is RM 2062.25 per unit.\nYour requested quantity of 40 units appears to be within the current available stock.\n\nBest regards,\nProject Swift Support', 'draft_id': 'DFT-5157AC82', 'chokeholds': [], 'elapsed_ms': 29.88, 'validation': {'valid': True, 'action': 'approve', 'reasons': []}, 'agent_models': {}, 'execution_mode': 'deterministic', 'learning_notes': [], 'product_context': {'sku': 'SW-ELECTRICAL-BODY-PROTECTI-81244-519', 'notes': ['Category: Electrical Body Protection', 'Unit of measure: unit', ""Description: Safetyware catalog item from category 'Electrical Body Protection'. Source: https://safetyware.com/product/catu-40-cal-arc-flash-kit-copy/. Public catalog price was unavailable; unit_price is an estimated average for similar products in this category.""], 'price': 2062.25, 'source': 'postgres', 'product': 'CATU 40 Cal Arc Flash Kit', 'currency': 'RM', 'confidence': 0.96, 'lead_time_days': None, 'stock_availability': 366}, 'customer_inquiry': 'Can I get pricing for 40 units of customer information?', 'previous_ai_draft': None, 'reviewer_feedback': None, 'supervisor_review': None}"
